d,股息率溢价,阶段涨跌幅,换手率,相对性价比,机会值
2018-01,1.0,0.0,16.6,0.2,17.9
2018-02,4.6,22.0,19.3,2.8,27.3
2018-03,13.2,37.9,37.8,9.6,37.3
2018-04,19.9,54.3,53.9,8.4,45.3
2018-05,35.5,36.5,75.4,20.6,46.0
2018-06,57.1,78.9,70.8,13.0,63.5
2018-07,31.9,89.4,78.2,0.7,61.0
2018-08,36.9,100.0,87.8,0.7,66.6
2018-09,28.6,100.0,85.0,0.2,64.8
2018-10,42.6,100.0,59.0,0.7,65.5
2018-11,53.6,100.0,82.3,3.2,69.4
2018-12,67.3,100.0,85.3,3.4,71.9
2019-01,57.8,100.0,83.2,0.5,68.8
2019-02,46.5,76.5,34.0,8.1,56.1
2019-03,48.0,63.3,22.6,13.8,52.3
2019-04,29.7,37.0,25.0,6.7,39.2
2019-05,26.0,72.1,55.1,0.5,52.7
2019-06,59.4,51.1,68.7,19.5,56.4
2019-07,53.0,44.3,86.9,3.9,52.2
2019-08,66.7,40.2,83.2,15.4,55.3
2019-09,59.4,37.2,77.1,14.8,52.2
2019-10,43.4,33.0,81.8,5.5,46.4
2019-11,54.6,36.8,85.8,6.2,50.8
2019-12,42.4,10.6,76.5,8.6,38.2
2020-01,63.0,29.3,55.4,29.2,51.4
2020-02,85.2,65.2,33.8,34.2,68.3
2020-03,95.0,100.0,34.2,36.1,83.0
2020-04,90.6,100.0,87.0,37.4,85.0
2020-05,81.0,96.2,84.6,38.9,80.6
2020-06,70.8,81.7,55.0,44.5,71.1
2020-07,75.7,47.2,9.8,62.2,58.3
2020-08,63.2,30.0,22.0,61.7,49.9
2020-09,55.5,57.9,59.1,52.9,60.0
2020-10,51.3,46.2,44.6,54.1,53.6
2020-11,27.6,13.9,14.6,34.2,30.8
2020-12,45.8,41.2,27.8,62.3,50.5
2021-01,38.3,65.5,7.9,54.6,55.0
2021-02,21.0,31.4,6.5,34.0,35.2
2021-03,24.6,0.0,10.5,31.0,24.7
2021-04,37.1,0.0,33.6,38.9,31.3
2021-05,31.4,0.0,19.7,37.6,29.2
2021-06,94.2,0.0,21.0,95.7,53.0
2021-07,85.0,37.7,19.4,79.9,64.0
2021-08,81.7,1.5,15.4,79.1,48.7
2021-09,86.4,13.4,2.7,82.3,54.9
2021-10,87.0,31.7,22.1,85.4,65.8
2021-11,96.4,46.7,49.3,96.8,78.9
2021-12,90.2,17.5,22.9,86.9,60.5
2022-01,95.0,35.2,14.5,75.8,66.5
2022-02,84.7,13.6,17.4,72.1,54.5
2022-03,76.6,32.5,9.9,38.0,53.2
2022-04,79.4,55.9,2.7,28.0,61.0
2022-05,88.2,59.9,18.4,36.2,67.5
2022-06,33.8,53.6,15.6,0.7,44.0
2022-07,99.8,71.4,42.6,99.4,88.9
2022-08,97.5,60.4,63.8,86.3,81.7
2022-09,96.5,98.0,54.5,65.2,91.3
2022-10,99.9,100.0,53.2,91.2,96.6
2022-11,92.7,56.0,25.1,73.1,68.8
2022-12,92.2,76.8,58.6,59.8,77.7
2023-01,90.0,74.5,65.7,73.4,79.0
2023-02,88.6,59.9,64.2,74.2,71.5
2023-03,86.9,57.1,35.2,59.8,63.6
2023-04,79.6,45.1,25.0,28.2,47.6
2023-05,80.9,51.5,2.2,13.2,45.1
2023-06,84.4,57.7,52.8,11.7,54.0
2023-07,78.5,39.2,61.7,6.4,42.6
2023-08,84.7,59.3,57.6,9.3,54.7
2023-09,76.6,47.9,60.3,4.6,46.1
2023-10,78.6,50.2,55.4,6.4,47.9
2023-11,77.0,52.2,68.7,5.9,50.2
2023-12,81.3,57.2,68.2,6.8,54.1
2024-01,64.6,61.8,33.2,0.4,46.7
2024-02,46.2,37.3,9.0,1.0,27.0
2024-03,46.8,48.2,45.9,1.4,37.4
2024-04,33.9,52.6,20.0,1.0,33.6
2024-05,29.8,40.8,27.0,0.4,27.5
2024-06,78.4,51.2,54.7,5.4,50.4
2024-07,32.9,55.6,51.8,0.6,38.6
2024-08,33.8,67.5,68.0,1.7,47.0
2024-09,15.4,26.3,9.4,1.4,14.2
2024-10,31.4,39.3,0.5,6.0,26.0
2024-11,45.0,32.6,8.9,8.6,28.4
2024-12,47.2,19.9,12.2,1.5,21.8
2025-01,97.8,37.6,33.3,19.2,50.4
2025-02,97.8,55.7,34.8,21.4,59.7
2025-03,92.0,56.9,50.6,19.9,59.7
2025-04,99.8,80.6,35.5,23.7,72.7
2025-05,97.0,77.2,69.4,23.4,74.3
2025-06,77.8,63.1,44.4,14.2,57.5
2025-07,12.4,41.7,15.0,0.2,21.4
2025-08,6.2,33.9,16.3,2.5,17.6
2025-09,16.3,10.9,10.0,5.2,10.5
2025-10,5.1,47.9,2.4,1.8,25.0
2025-11,5.6,54.1,20.1,3.2,31.2
2025-12,14.2,58.1,55.2,7.0,40.4
2026-01,0.7,36.8,1.6,0.4,18.9
2026-02,7.8,29.4,5.8,6.7,19.5
2026-03,0.7,43.8,3.4,0.2,24.1
2026-04,0.5,30.1,42.1,0.2,21.9
2026-05,22.2,53.4,26.8,15.5,40.0
2026-06,34.0,84.4,15.4,30.6,59.6
2026-07,0.5,60.4,12.2,0.2,31.5
2026-08,0.2,49.1,28.6,0.1,27.7
2026-09,2.2,61.7,53.3,1.8,37.9
